<?xml version="1.0" encoding="utf-8"?>
<SoundBanksInfo Platform="Windows" BasePlatform="Windows" SchemaVersion="12" SoundbankVersion="140">
	<RootPaths>
		<ProjectRoot>C:\Users\Julien QUENTIN\Documents\IIM\A3\PlatinumProject\PlatinumProject_WwiseProject\</ProjectRoot>
		<SourceFilesRoot>C:\Users\Julien QUENTIN\Documents\IIM\A3\PlatinumProject\PlatinumProject_WwiseProject\.cache\Windows\</SourceFilesRoot>
		<SoundBanksRoot>C:\Users\Julien QUENTIN\Documents\IIM\A3\PlatinumProject\PlatinumProject_WwiseProject\GeneratedSoundBanks\Windows\</SoundBanksRoot>
		<ExternalSourcesInputFile></ExternalSourcesInputFile>
		<ExternalSourcesOutputRoot>C:\Users\Julien QUENTIN\Documents\IIM\A3\PlatinumProject\PlatinumProject_WwiseProject\GeneratedSoundBanks\Windows</ExternalSourcesOutputRoot>
	</RootPaths>
	<DialogueEvents/>
	<StreamedFiles/>
	<MediaFilesNotInAnyBank/>
	<SoundBanks>
		<SoundBank Id="1355168291" Language="SFX" Hash="3690994985">
			<ObjectPath>Init</ObjectPath>
			<ShortName>Init</ShortName>
			<Path>Init.bnk</Path>
		</SoundBank>
	</SoundBanks>
</SoundBanksInfo>
